a,m,d1,d2,T_end,mean_v_0,var_v_0,max_v_0,mean_v_T,var_v_T,max_v_T,pattern
0.20176305220883534,0.1,5,0.02,10000,1.1417024159786497,9.899832763984958e-05,1.1814272347179533,1.1339025192011902,1.2075477484413601,3.9957876752937045,1
0.22183935742971886,0.1,5,0.02,10000,1.5891614983043407,0.0001010218057159342,1.6282055481098945,1.4133542005070097,0.9194116249813721,3.733126841190671,3
0.24191566265060238,0.1,5,0.02,10000,1.8900234099381248,9.81032626387748e-05,1.928215923160607,1.6864034714476581,0.6160922500753806,3.6426261013161265,3
0.26199196787148593,0.1,5,0.02,10000,2.156117815735593,9.905399747122942e-05,2.1942083700040276,1.9475546386071654,0.5238342247340236,3.771055660753376,3
0.40252610441767067,0.2,5,0.02,10000,1.118852535925437,9.941153394012066e-05,1.1598968644875423,1.323814400894219,2.4066809015188575,6.437345663696966,1
0.46275502008032127,0.2,5,0.02,10000,1.738697146665147,9.967231805288109e-05,1.7754242947288759,1.653946540833793,2.4604475493335634,5.722340841214326,1
0.5229839357429719,0.2,5,0.02,10000,2.1498830779722353,0.00010065464116765195,2.189262454948802,1.9992523659283623,2.292715338137606,5.586781225406867,3
0.603289156626506,0.2,5,0.02,10000,2.6372050319334734,9.955744445500483e-05,2.6746026531590714,2.4574304962947107,1.2459184045496516,5.55313113639936,3
0.6635180722891566,0.2,5,0.02,10000,2.982305916486449,9.968820375178908e-05,3.0251592191047263,2.793234364638186,0.7797307113210544,5.293999370363218,5
0.603289156626506,0.30000000000000004,5,0.02,10000,1.110352434227982,0.00010066553536493827,1.1477647568765534,1.3993867240692768,3.901884161312109,8.21062801839702,1
0.7438232931726907,0.30000000000000004,5,0.02,10000,1.9724292233719327,0.00010028065852759927,2.008790835689626,1.899572719616535,4.215094295468371,7.870804779244232,1
0.8843574297188754,0.30000000000000004,5,0.02,10000,2.5568304489301865,9.706700507140715e-05,2.596124660547525,2.414787034999519,3.923189551466626,7.414979910656931,1
1.0248915662650602,0.30000000000000004,5,0.02,10000,3.0929441904189123,9.817864263677612e-05,3.134875741264256,2.9381353958825875,2.6654934914155075,6.244050650270426,3
1.1654257028112447,0.30000000000000004,5,0.02,10000,3.6075671783651995,0.00010179983123898066,3.6477132459479575,3.438508452798276,0.9924412990933936,6.8566296876024975,5
0.8040522088353413,0.4,5,0.02,1200,1.1058838099535402,0.0001026128961564401,1.143404764050633,1.2791353002711674,5.42944660832638,56.80860863127996,1
1.0449678714859436,0.4,5,0.02,10000,2.1464930181540463,0.00010113029132796031,2.1852507461496433,2.0810894536140427,6.242991017997969,9.659019699655746,1
1.285883534136546,0.4,5,0.02,10000,2.865731064355173,9.890088118897212e-05,2.904235031326444,2.724228295455111,5.945285970348357,9.121473114932824,3
1.5267991967871484,0.4,5,0.02,10000,3.533982464268469,9.985629352303601e-05,3.574606267636801,3.3751516669837045,4.183326633313001,7.914186830739693,3
1.7677148594377508,0.4,5,0.02,10000,4.180131829943508,0.00010033842417763902,4.219763192969157,3.9999378859832926,1.443523265469659,9.094674488963564,5
1.0048152610441765,0.5,5,0.02,600,1.1029830575013693,9.987499168027745e-05,1.1386429860949565,1.105220321174207,2.8013686284156774,13.744540789873193,1
1.3661887550200802,0.5,5,0.02,1600,2.29699005812652,0.00010099552782767994,2.336277404758044,2.226690740218836,7.432457058037425,46.693952883643654,1
1.7275622489959837,0.5,5,0.02,10000,3.136312825647991,9.893111588710486e-05,3.174428328102469,3.0073637545877316,7.7281337134640875,10.82846926977433,3
2.0688594377510037,0.5,5,0.02,10000,3.8798457308545315,0.00010008285959985177,3.9154936399701947,3.7140543223042917,5.745873678098818,9.387541891208793,3
2.4302329317269074,0.5,5,0.02,10000,4.645194254806733,0.00010009056399892195,4.681993058174437,4.505194755888978,0.8487038802129968,6.826207236904367,5
1.2055783132530118,0.6,5,0.02,400,1.1011001700154075,9.825520227480715e-05,1.1394850591561745,0.9928986986624269,0.9268354611664079,13.311090871635718,1
1.6874096385542166,0.6,5,0.02,1000,2.394684012399175,0.0001002056141481752,2.4329778354843237,2.306111196385373,7.444743723287894,12.706753652057941,1
2.1893172690763048,0.6,5,0.02,2600,3.3504589463329744,9.74293740238624e-05,3.390310523791199,3.2230217727020065,9.76358778768644,13.105374417251586,1
2.691224899598393,0.6,5,0.02,10000,4.250133769069074,9.972496220577424e-05,4.2880184104069325,4.092273535709818,7.151672772213864,9.594638834466807,3
3.173056224899598,0.6,5,0.02,10000,5.092055860740846,9.820237040297212e-05,5.1287711638714075,4.956747892101102,0.8940516365150202,6.9662800377146,0
1.4063413654618473,0.7000000000000001,5,0.02,400,1.0998184131259183,9.9113700757295e-05,1.1385252031765296,1.1649639926513748,4.183955101450669,31.51846713482444,1
2.0487831325301205,0.7000000000000001,5,0.02,1000,2.531716234450324,9.977627502125006e-05,2.5670709407192978,2.449492056872542,10.852736873278538,31.541148125552592,1
2.691224899598393,0.7000000000000001,5,0.02,1800,3.5640974312895075,9.983766396142242e-05,3.60649078617892,3.4265751066695276,11.267398330376361,12.125745933333897,3
3.3336666666666663,0.7000000000000001,5,0.02,10000,4.542268057353638,9.847824795367622e-05,4.587848630521406,4.4063357605623255,8.480025898817589,10.683633216495915,3
3.9761084337349395,0.7000000000000001,5,0.02,10000,5.498355232153547,0.00010008526564478742,5.533368555409894,5.361309095139095,1.1194848567665083,8.44451132076087,0
1.6071044176706826,0.8,5,0.02,200,1.0988690463718938,9.961471577418031e-05,1.1451076623396446,0.9104393942381155,0.171356222133867,2.9037202801182365,5
2.4101566265060237,0.8,5,0.02,600,2.632998143703761,9.871220497773968e-05,2.6735732425301606,2.5096452528862723,5.925369018301294,12.565717383032842,1
3.2132088353413653,0.8,5,0.02,1400,3.7500404467801283,0.00010074167183805355,3.787906822512797,3.604578374519247,12.411609956201525,21.633745313158453,3
4.0363373493975905,0.8,5,0.02,10000,4.838688471011165,9.939859726171907e-05,4.875574342488746,4.712426327308425,10.043394686546351,11.421577223912566,3
4.839389558232932,0.8,5,0.02,10000,5.879058123005393,0.00010031346891479565,5.914073362580465,5.738681764598403,1.3422489513689375,9.55925202507213,0
1.8078674698795179,0.9,5,0.02,200,1.0980822442122244,9.959318956274314e-05,1.1345563471078615,0.9186823433152193,0.24849229163253145,4.760607219331605,5
2.610919678714859,0.9,5,0.02,600,2.5012530565028723,9.70747186367695e-05,2.541134577063984,2.4240123047283606,10.994844655330583,38.158437233752274,1
3.4139718875502005,0.9,5,0.02,1000,3.508268411605612,0.00010163424393279232,3.5525160786990475,3.405348008736542,15.138622340923817,82.26699249615172,1
4.196947791164659,0.9,5,0.02,1400,4.438016588830294,0.00010114136920424862,4.476534257044226,4.314081892455332,10.01820050154084,12.371947555544219,3
5.0,0.9,5,0.02,10000,5.369183398468502,0.00010014450153830101,5.404177995640561,5.237363117803823,10.066308312317922,11.141511012045031,3
2.008630522088353,1.0,5,0.02,200,1.0973060030652655,9.69346370980659e-05,1.1347857960101535,0.9602368825974459,0.5396920933407485,9.111481831747213,5
2.7514538152610437,1.0,5,0.02,400,2.320448706509288,0.00010192213177540384,2.3625436102642268,2.241170071709312,6.216434778597774,13.877464170859879,1
3.4942771084337347,1.0,5,0.02,600,3.1797679340765352,0.0001001245468510553,3.2235250179047075,3.0738450238030772,10.299551597489414,13.973024736787437,1
4.257176706827309,1.0,5,0.02,800,4.00748954234149,0.00010047592275336158,4.046824452839821,3.8584565851212234,9.700633923262636,12.314711713800829,3
5.0,1.0,5,0.02,1400,4.791281152047953,0.00010149725791975449,4.833175068844577,4.675064035195181,11.361978687104441,21.398290058064045,3
2.2093935742971884,1.1,5,0.02,200,1.0968446180528182,9.779492463175093e-05,1.136598990610092,1.070942972813295,1.7758665270503138,17.03507552241186,1
2.912064257028112,1.1,5,0.02,400,2.1910145824636205,0.00010305621003709145,2.227616431966571,2.1609359180344057,10.665481789033596,27.897149684592353,1
3.614734939759036,1.1,5,0.02,400,2.946729372327471,0.0001005349556639629,2.984807174718519,2.840429223527329,4.849033784763356,11.177161419850028,3
4.297329317269076,1.1,5,0.02,600,3.6314601726396107,9.956654951232249e-05,3.672457634611165,3.495941546991016,10.98921440748131,13.747661343828572,3
5.0,1.1,5,0.02,800,4.3135144847484375,9.696227844838095e-05,4.358149943128568,4.1973230069764,10.102743370242694,12.647938548986668,3
2.4101566265060237,1.2000000000000002,5,0.02,200,1.0964318494532583,0.00010090891029523199,1.1313219565564319,1.20355988863891,4.102057124100271,17.60768769274246,1
3.052598393574297,1.2000000000000002,5,0.02,200,2.0578930782850997,0.00010069118935749673,2.097342298142474,1.9034183934406341,0.7579549020422909,8.203520682642553,5
3.69504016064257,1.2000000000000002,5,0.02,400,2.7101339913052453,9.86398083634751e-05,2.7472688443139455,2.633658158674764,10.450922090556146,16.02027449013936,1
4.357558232931727,1.2000000000000002,5,0.02,400,3.3311130376305518,0.00010256789321822834,3.3712964955356703,3.2058204243116464,5.717294143462533,11.433372784279596,1
5.0,1.2000000000000002,5,0.02,600,3.9108633687886725,0.00010185163626790061,3.9489576227329546,3.7655601984910168,12.281712546034953,13.339357573759104,3
2.610919678714859,1.3000000000000003,5,0.02,200,1.0958628374397235,9.966813991896751e-05,1.1369501757910976,1.3219870526710127,8.699154369435547,72.4266450191308,1
3.2132088353413653,1.3000000000000003,5,0.02,200,1.96210886820117,9.851751618740428e-05,2.0004440785800686,1.837274670998863,1.3679580401152958,9.986305561119911,5
3.815497991967871,1.3000000000000003,5,0.02,400,2.5414686160851114,9.910823679543743e-05,2.5810152307133487,2.4953427952260596,14.954905234042826,45.93313880318952,1
4.397710843373494,1.3000000000000003,5,0.02,400,3.055671332587673,0.00010048851230155674,3.0929612091318193,2.9687165037318195,11.15881806225977,14.185038206104057,1
5.0,1.3000000000000003,5,0.02,400,3.5657346954322877,9.965230593795094e-05,3.6053142312558584,3.431702796839319,7.345911615399367,11.831240419924887,3
2.8116827309236947,1.4000000000000001,5,0.02,149,1.0954409618032215,9.967581562339548e-05,1.1306585388175112,1.068477469214346,1.5484255203958768,15.727876145863723,1
3.35374297188755,1.4000000000000001,5,0.02,200,1.8569818772626507,0.00010163488964059174,1.89509894595113,1.7945166411127287,2.9548307231171926,13.623904071046795,1
3.8958032128514053,1.4000000000000001,5,0.02,200,2.3587590437260846,0.00010129943037631311,2.3950238674563273,2.2243245343441322,1.5986286937444056,10.154158728536077,5
4.457939759036145,1.4000000000000001,5,0.02,400,2.8311280540887687,0.0001011529334425538,2.8687837760971204,2.7803605233744277,15.387932575661326,35.45608514841019,1
5.0,1.4000000000000001,5,0.02,400,3.2650528341452585,9.892626358467098e-05,3.3001845868162873,3.1665629508378013,13.135448769067498,15.116518448436393,1
3.01244578313253,1.5000000000000002,5,0.02,123,1.095116761643726,0.00010134105568955294,1.1298436055867198,0.9558553432913584,0.4725890470933291,10.612143437647427,5
3.514353413654618,1.5000000000000002,5,0.02,200,1.7815271582771501,0.00010119727456691646,1.8176280040411128,1.7810672483346703,5.494748215084669,14.366028364016255,1
4.016261044176707,1.5000000000000002,5,0.02,200,2.2288112368637867,0.0001012052133031669,2.2688299361459574,2.1397992256811067,2.901962891336199,12.327389164053326,1
4.498092369477912,1.5000000000000002,5,0.02,200,2.616473723699453,0.00010032032954326299,2.6566899655140714,2.4795159165300333,1.6794578374470277,10.080364815410746,5
5.0,1.5000000000000002,5,0.02,400,2.9998270646161886,0.00010491902801558822,3.0360504167627274,2.9685531963876346,18.130586471088986,51.003369123393774,1
0.20176305220883534,0.1,7,0.02,10000,1.1419182522306348,0.00010064656766616722,1.1810858458873934,1.1553923212069757,1.5638429268277372,4.8039622191466105,1
0.22183935742971886,0.1,7,0.02,10000,1.5891397476690758,9.641015422930045e-05,1.6277090413449626,1.4331277374815727,1.6017769879680326,4.681950641074847,1
0.24191566265060238,0.1,7,0.02,10000,1.8901894602020843,9.994250742791404e-05,1.9310075092405041,1.6761631443736404,1.1489632203740288,4.33983088024777,3
0.26199196787148593,0.1,7,0.02,10000,2.1560494353127955,9.999475887992162e-05,2.1926556058143674,1.925326091273065,0.86876921824453,4.267802455797987,3
0.2820682730923695,0.1,7,0.02,10000,2.404836810950325,9.866337076333133e-05,2.440757925307817,2.169462032935716,0.7213852080573352,4.411863765679616,5
0.40252610441767067,0.2,7,0.02,10000,1.1188158191000634,9.955789232734279e-05,1.1557353692386212,1.3592107547914394,3.1387553027055395,7.632891468595065,1
0.48283132530120476,0.2,7,0.02,10000,1.883123828380734,9.9454017282409e-05,1.9209526222920446,1.787679082968279,3.386518186041243,6.99716649649668,1
0.563136546184739,0.2,7,0.02,10000,2.398698825212173,0.00010090648824375239,2.437986439608679,2.2294859175902126,3.315201125664612,6.806077427481053,1
0.6635180722891566,0.2,7,0.02,10000,2.9821978694323295,0.00010047545831857263,3.016963982198507,2.7814869025920363,2.150699148316406,6.4458449523437045,3
0.7438232931726907,0.2,7,0.02,10000,3.4273510328524375,0.00010276004442924377,3.4626474250754216,3.2126241601013756,1.1165823277973643,6.285030477986904,5
0.603289156626506,0.30000000000000004,7,0.02,1600,1.1100422517019566,9.742646366820302e-05,1.1501199129807702,1.237823759640225,5.147514224257228,46.89071741250684,1
0.7839759036144578,0.30000000000000004,7,0.02,10000,2.147662130933023,9.848387073048733e-05,2.188978893472416,2.0624967027667966,5.677945750337845,9.645987680932395,1
0.9646626506024095,0.30000000000000004,7,0.02,10000,2.866728489224705,9.904840921332171e-05,2.9150074027575656,2.7061274855807724,5.614590093886065,8.781096826459656,1
1.1654257028112447,0.30000000000000004,7,0.02,10000,3.6075277139993913,0.00010034920052131014,3.6475140195516498,3.4296449936816797,3.826687987032295,7.5062584246921915,3
1.3461124497991965,0.30000000000000004,7,0.02,10000,4.251919880313189,9.823017421062557e-05,4.294744201839186,4.058188957473192,1.3818247838324877,8.293315759985386,5
0.8040522088353413,0.4,7,0.02,800,1.1058141341328074,0.00010157631627197168,1.1411313625956818,1.1099709715289827,3.8909956909422245,16.30124404364634,1
1.1252730923694778,0.4,7,0.02,10000,2.3958980084848056,0.00010005614209162626,2.4278574504068127,2.2864200609550265,8.571488891782192,11.809100271825539,1
1.4264176706827307,0.4,7,0.02,10000,3.2590835183617077,0.0001005159365443676,3.2942090834449007,3.0855141416207146,8.357571693296538,10.7842621386926,1
1.7275622489959837,0.4,7,0.02,10000,4.073318970048032,9.877416835651474e-05,4.116032980263226,3.8920433244379185,6.351012943411885,9.208564412745,3
2.0487831325301205,0.4,7,0.02,10000,4.918685823717275,0.0001002597882725762,4.958842541286434,4.7147142268499005,1.9901781188137957,8.725205280534142,5
1.0048152610441765,0.5,7,0.02,600,1.102999647065958,0.00010222533341900531,1.1383642674372754,1.1282834036385374,5.059509912703055,32.875704463559856,1
1.4665702811244978,0.5,7,0.02,1400,2.539335889872698,9.850350450651751e-05,2.5765105419704013,2.4409357709854413,9.576731837079477,29.202321366429125,1
1.928325301204819,0.5,7,0.02,2600,3.577074073893766,9.866411747277503e-05,3.6128353935650184,3.430795085980082,9.973563016694275,43.53824910886707,1
2.370004016064257,0.5,7,0.02,10000,4.518783179458,9.987252280950293e-05,4.559800595966053,4.330247879482205,8.42523308129337,11.081934515768099,3
2.831759036144578,0.5,7,0.02,10000,5.481018722245078,9.826347492731861e-05,5.519576438956369,5.3232666216448825,1.1869221808215407,8.294001679675578,0
1.2055783132530118,0.6,7,0.02,400,1.1012650124893997,0.00010023545008583013,1.13556876635682,0.9844155686809323,1.4687498732701583,16.451367167426042,1
1.8279437751004013,0.6,7,0.02,1000,2.6724179094288565,9.960765132694969e-05,2.7111232037030284,2.5824402942775233,11.374111694187938,47.475055391404425,1
2.450309236947791,0.6,7,0.02,1600,3.822278610251518,9.857781307491493e-05,3.858607600028884,3.673024462730125,11.016603755939249,13.874021808612792,1
3.0927510040160637,0.6,7,0.02,10000,4.952668868177197,9.984579081912076e-05,4.99088418129222,4.784714852911418,9.99931932786746,11.256118969534894,3
3.7151164658634537,0.6,7,0.02,10000,6.025920156061194,9.833605434292723e-05,6.059921770439715,5.8719001451562,1.267792051521654,8.65281543331871,0
1.4063413654618473,0.7000000000000001,7,0.02,200,1.0998411419632221,0.00010018276021081808,1.136351925017981,0.8838760596285107,0.15415564446763855,1.817853062696795,0
2.2093935742971884,0.7000000000000001,7,0.02,800,2.7990537499421864,9.75564645682907e-05,2.8338917929007352,2.692719529964806,12.185443498474305,64.40500586042664,1
3.032522088353413,0.7000000000000001,7,0.02,1400,4.087586533055153,9.838349113411903e-05,4.128395577109215,3.929397095249745,13.869451342069272,14.358796895745728,1
3.855650602409638,0.7000000000000001,7,0.02,3200,5.32018756641128,0.00010074811370658805,5.354238310208598,5.167608484352149,10.228984469944681,13.336748836589841,3
4.6587028112449795,0.7000000000000001,7,0.02,10000,6.501332425784091,9.859360235989643e-05,6.547681661221125,6.34523712213679,1.5896717289550146,10.28005173036914,3
1.6071044176706826,0.8,7,0.02,200,1.0986739692324694,0.00010040629545864664,1.1358615963461705,0.8760549259337154,0.1953269596785845,2.6446997070156355,5
2.450309236947791,0.8,7,0.02,600,2.6912602384347655,0.00010131971025136396,2.7281273687224017,2.586127697782793,10.385745975371643,22.01835090217133,1
3.2935140562248995,0.8,7,0.02,800,3.8576357218875716,9.867174105163139e-05,3.8968679655407144,3.706590267748938,9.177580854697878,14.439564817527602,1
4.156795180722892,0.8,7,0.02,1600,4.995915506469998,0.00010365480563978109,5.04153720940287,4.847658010889674,12.677701541725337,17.301432606819578,3
5.0,0.8,7,0.02,6000,6.085708586230222,0.0001006968774292482,6.1207329413979,5.938845402821615,11.092249630241557,14.078870654489194,3
1.8078674698795179,0.9,7,0.02,200,1.09773256445023,0.00010019192349408581,1.135274207362402,0.8862030748696196,0.3004886701234113,8.084473862746833,5
2.610919678714859,0.9,7,0.02,400,2.501224690732196,0.00010136916235457579,2.538893845396364,2.3738941178279744,4.477181463697868,14.1426287653294,1
3.4139718875502005,0.9,7,0.02,600,3.5081628990724463,0.00010149786752851522,3.550343354527485,3.3781441386124023,9.433451261424738,14.940511730621408,1
4.196947791164659,0.9,7,0.02,600,4.437965227787025,9.784359684074996e-05,4.474299112340471,4.250667421939447,3.599966959372965,13.043159417233078,3
5.0,0.9,7,0.02,1400,5.36920696091254,0.00010075075967880884,5.406135286761285,5.234003246022436,12.096492774681241,23.9975335713996,3
2.008630522088353,1.0,7,0.02,200,1.0973990711254804,0.00010007828885994811,1.1349675911207613,0.9433826820230571,0.7512330131065189,12.524766734889061,1
2.7514538152610437,1.0,7,0.02,400,2.3203007884768603,9.876157002390301e-05,2.3583887616981047,2.2435573536451896,11.362219822526596,55.24939436007058,1
3.4942771084337347,1.0,7,0.02,400,3.1797212686652414,0.00010111237307248816,3.215986718746483,3.0303598582140836,3.990192644897481,12.673558966663025,1
4.257176706827309,1.0,7,0.02,600,4.007629300210331,0.00010239137227158377,4.045865112863544,3.8545608658494017,11.279042471171513,14.797064419746526,3
5.0,1.0,7,0.02,800,4.791334771128356,9.883129006105057e-05,4.830836306378931,4.644693004255668,11.036562447954884,13.697015306053737,3
2.2093935742971884,1.1,7,0.02,200,1.0968581305523215,0.00010004185562515573,1.1370510584782176,1.0888836991028508,3.007083845275522,28.37753201394072,1
2.912064257028112,1.1,7,0.02,200,2.190947076873549,0.00010302471682993441,2.2321145511025384,1.9933806969408505,0.7300911396465246,6.7189579664875545,5
3.614734939759036,1.1,7,0.02,400,2.9467449419178187,0.00010244503866098377,2.996744444615184,2.821047398262602,11.338221606796125,21.114343643497094,1
4.297329317269076,1.1,7,0.02,400,3.6313533386168326,0.000100827933042703,3.6689531986594934,3.4849315275646533,5.154815108166193,13.176320068327035,1
5.0,1.1,7,0.02,400,4.313711210963106,9.819686691353566e-05,4.352175995255409,4.130424650544156,3.125998931836865,13.586802319802738,3
2.4101566265060237,1.2000000000000002,7,0.02,200,1.0963500893587468,0.00010018942242146304,1.1393334522930119,1.2277486591207756,7.564573700312494,77.49259425800187,1
3.052598393574297,1.2000000000000002,7,0.02,200,2.0578596576415085,9.854983671147469e-05,2.0971394171472033,1.8834094251990863,1.136480536671984,10.528097502908222,1
3.69504016064257,1.2000000000000002,7,0.02,400,2.710309589338274,9.943950784158788e-05,2.7462475049354107,2.7120738229197934,20.527867377938833,49.182441437777584,1
4.357558232931727,1.2000000000000002,7,0.02,400,3.330910674411056,9.99582551249213e-05,3.3659474093508135,3.220332988648697,12.170174935832963,17.608036941418572,1
5.0,1.2000000000000002,7,0.02,400,3.9108984467534853,0.00010096906333971931,3.946441560623908,3.7586168705006813,7.482247551243294,13.403589617516701,3
2.610919678714859,1.3000000000000003,7,0.02,129,1.0958666015836362,0.00010136051820790065,1.1365812458918378,0.8846078330334753,0.26750893521292984,7.065276998916866,5
3.2132088353413653,1.3000000000000003,7,0.02,200,1.9620981618285984,0.000100424411994294,1.9973897958663414,1.8373810966379747,2.2355654172932913,13.645668800108204,1
3.815497991967871,1.3000000000000003,7,0.02,200,2.5415357762550346,9.905061617946652e-05,2.5829300715407286,2.3681978235862897,1.3548542318184689,9.322685364733372,5
4.397710843373494,1.3000000000000003,7,0.02,200,3.0554227685824884,0.00010116185637765488,3.092649678979414,2.871277564642628,1.0672247852503152,11.022174785518638,5
5.0,1.3000000000000003,7,0.02,400,3.565727435244607,9.760733239824087e-05,3.6008697257908766,3.452127414447145,15.004715145869083,18.823826484296774,1
2.8116827309236947,1.4000000000000001,7,0.02,122,1.0955105739966708,9.992669889597731e-05,1.1338217478948915,0.8907972292638671,0.306871453305565,6.9213731206791165,5
3.35374297188755,1.4000000000000001,7,0.02,200,1.8570867177741024,0.00010006687100043542,1.897025937826223,1.8025918442255537,4.92146820327495,18.470802996963204,1
3.8958032128514053,1.4000000000000001,7,0.02,200,2.3588117592849374,9.956722281491225e-05,2.397414090671631,2.2187535187191396,2.4781389919414516,12.807857242400363,1
4.457939759036145,1.4000000000000001,7,0.02,200,2.830975043967677,9.97788642213828e-05,2.869246653628595,2.656557699712065,1.8684389694440549,11.753580883707441,5
5.0,1.4000000000000001,7,0.02,200,3.26496246557259,9.738989947072449e-05,3.300608457618733,3.093706929718569,1.2494918873100782,8.606168656126464,5
3.01244578313253,1.5000000000000002,7,0.02,113,1.0954329108228096,9.979270807308589e-05,1.1321467198355508,0.8912500023433237,0.30009564927435933,5.9652326070602175,5
3.514353413654618,1.5000000000000002,7,0.02,200,1.7815499923826008,0.00010096011073226546,1.8241078542068505,1.7852798759825845,8.340081036603697,18.353934705453252,1
4.016261044176707,1.5000000000000002,7,0.02,200,2.2289015641044654,0.00010120613715960334,2.266971536143573,2.1383227106014018,5.278766541415667,15.725695986554122,1
4.498092369477912,1.5000000000000002,7,0.02,200,2.616528384617594,9.916188462656666e-05,2.6503012624109203,2.4823830720775315,3.2589257727005236,12.496888448213511,11
5.0,1.5000000000000002,7,0.02,200,2.999926256554516,9.860986301317506e-05,3.0419102610780686,2.8303214574345987,2.219386960582624,13.272672142543442,1
0.20176305220883534,0.1,9,0.02,10000,1.141875398282831,0.00010070144825447771,1.1797961473079408,1.1691440436787333,1.9084712460733253,5.544789931187657,1
0.22183935742971886,0.1,9,0.02,10000,1.589081700937045,9.995568208104643e-05,1.6232600519187659,1.4413349475403663,2.0235386603091228,5.3029417482303165,1
0.24191566265060238,0.1,9,0.02,10000,1.8901599885404865,9.943457810335797e-05,1.9227269867372376,1.6798604924898366,1.8882336328509328,5.35179408666459,3
0.2820682730923695,0.1,9,0.02,10000,2.404953867358153,9.979350125314263e-05,2.445068082258072,2.149628485340776,1.1096477816622232,4.8325593422486355,3
0.302144578313253,0.1,9,0.02,10000,2.643129290070993,9.934835965969308e-05,2.6875788623860895,2.3840517600673463,0.9295635764300858,4.967924091903419,3
0.40252610441767067,0.2,9,0.02,10000,1.1190245622259825,0.00010067885422418358,1.158186169557491,1.3768940219958719,3.81975062655445,9.094718337952894,1
0.5229839357429719,0.2,9,0.02,10000,2.149891737128454,9.944432875825542e-05,2.1858530329492405,2.012483611201699,4.3473204622849435,8.013241398685919,1
0.6233654618473895,0.2,9,0.02,10000,2.7536983569301614,0.0001000057335836542,2.7882020138508645,2.5508846653662,4.187924858998737,7.408824150093668,1
0.7237469879518071,0.2,9,0.02,10000,3.3172614820609883,9.985093956346959e-05,3.3561499893278905,3.096631856150245,2.9368910483247888,7.304087830222674,3
0.8442048192771083,0.2,9,0.02,10000,3.968913751741821,9.832919712831327e-05,4.007107663004647,3.7369080396578127,1.2191688538035885,6.618583708658515,5
0.603289156626506,0.30000000000000004,9,0.02,1200,1.1103242744261816,0.00010224011807193165,1.1500271283540133,1.113887483082882,4.548784200827096,23.034052398513236,1
0.8241285140562249,0.30000000000000004,9,0.02,3200,2.3153222264462188,9.848762358744527e-05,2.3560500147367693,2.1997715842917653,6.925991540051443,47.82730788475219,1
1.0449678714859436,0.30000000000000004,9,0.02,10000,3.1673825468803383,0.00010173500357323717,3.2089697998258355,2.9867253148177544,7.2148694770273964,10.08871221102877,1
1.285883534136546,0.30000000000000004,9,0.02,10000,4.038440284482492,0.00010078024929593686,4.077463750629469,3.841764997524639,5.013972154490989,8.61718507886127,3
1.506722891566265,0.30000000000000004,9,0.02,10000,4.81476076839221,0.0001012081172306012,4.854609426658885,4.600415955795674,1.7683387384296703,9.563567846516529,5
0.8040522088353413,0.4,9,0.02,800,1.1058548510070125,9.910345782619945e-05,1.1427009735550884,1.1233251564915572,6.606716948086699,72.40755210697199,1
1.1654257028112447,0.4,9,0.02,1400,2.5163719442857553,9.878024534394918e-05,2.5577568407809355,2.364603278756329,7.137838752557935,15.206019958963328,1
1.5468755020080318,0.4,9,0.02,3200,3.588505747048003,9.833076275769461e-05,3.625171070566406,3.39602918342357,10.058712515929049,24.697591539921223,3
1.928325301204819,0.4,9,0.02,10000,4.6035730854944745,9.780040300832661e-05,4.643973209103485,4.402006848377916,8.179069312846872,10.53879181368689,3
2.2896987951807226,0.4,9,0.02,10000,5.544011517763872,0.00010080333761548145,5.582125122822624,5.319536075942184,2.558177864420298,9.455469927905598,5
1.0048152610441765,0.5,9,0.02,400,1.103082889531979,0.00010213436912643745,1.1427437196794459,0.8539303431449504,0.3205476529371835,4.816090342894719,5
1.5468755020080318,0.5,9,0.02,1200,2.7270758405844804,9.96681004321179e-05,2.7682187347685225,2.594658094475408,11.438752675471466,48.64707440522272,1
2.0889357429718873,0.5,9,0.02,2200,3.923078116523572,0.00010042384844853074,3.9637422321384403,3.7596227730786893,12.281484989509783,38.2004191967622,1
2.6510722891566263,0.5,9,0.02,1800,5.106326150345842,0.00010038769424212703,5.141657812789271,4.894350596713229,3.073676083636463,22.763401878473786,3
3.1931325301204816,0.5,9,0.02,10000,6.225654008457791,0.00010087195746609788,6.265442493963489,6.053092380328426,1.4932258016177118,9.613816706444545,0
1.2055783132530118,0.6,9,0.02,400,1.1010713153405134,0.0001005785251238332,1.1435021006420096,0.9846543748435818,2.2218280951958973,24.05366540044788,1
1.9484016064257026,0.6,9,0.02,800,2.903022003478015,9.848707541797942e-05,2.9379515877945757,2.7523284039771148,7.39479667337702,15.763975729889527,1
2.691224899598393,0.6,9,0.02,1400,4.2501164115112,9.957367811486763e-05,4.287749230246325,4.0797847019560916,11.104733299587485,13.961868449568195,3
3.434048192771084,0.6,9,0.02,2600,5.54309820879359,9.796366601780243e-05,5.581673220999975,5.360427062554014,7.151151823543074,23.45871448687062,3
4.176871485943775,0.6,9,0.02,10000,6.814659293498322,0.00010155417765060741,6.8494421587485395,6.6453976939138135,1.6428812755824183,10.060205350854071,0
1.4063413654618473,0.7000000000000001,9,0.02,200,1.0998114611895948,0.00010218873088167336,1.1358637383202084,0.8554068696408313,0.16775333669715037,1.70770478121428,5
2.3097751004016063,0.7000000000000001,9,0.02,600,2.9618999163569395,0.00010036195619392307,2.9998937675949753,2.7993967182369257,5.638570156519039,15.45657116891685,1
3.2132088353413653,0.7000000000000001,9,0.02,1000,4.361126439498797,9.946358906977758e-05,4.402769557184242,4.186430440292711,9.869546006980167,14.22249379625965,3
4.0965662650602415,0.7000000000000001,9,0.02,2200,5.675923220539011,0.00010193403801418802,5.717320350485279,5.507930885451337,12.566502383045385,16.165312467793076,3
5.0,0.7000000000000001,9,0.02,10000,7.000081001724881,9.954462215806782e-05,7.0322756059150135,6.8340887741522485,6.560675319334115,11.099544619313251,3
1.6071044176706826,0.8,9,0.02,200,1.098843077178013,9.98081492603528e-05,1.133109765138881,0.8464452028229671,0.21161747717894408,2.3132606971924936,5
2.450309236947791,0.8,9,0.02,400,2.6913575107329852,0.00010009281209556491,2.7340925489229453,2.4983374744286033,2.309618010030534,10.758108657436198,1
3.2935140562248995,0.8,9,0.02,600,3.857482249956992,0.00010296399423965474,3.9014177042043356,3.6914348069555722,5.049804293275252,13.345890219277535,3
4.156795180722892,0.8,9,0.02,600,4.995985920370263,0.00010335511925210276,5.0387096803429055,4.7873403604035545,2.9509175090414423,14.016459604437124,5
5.0,0.8,9,0.02,1800,6.08564716819324,9.942940576669202e-05,6.125193701862292,5.93030232975107,11.83866903945415,14.664638703143169,3
1.8078674698795179,0.9,9,0.02,200,1.0979409443379264,0.00010135038561795994,1.1357664691454297,0.8579324848397883,0.3283003587521972,5.407762308760853,5
2.610919678714859,0.9,9,0.02,400,2.5013380124113387,0.00010073499612633847,2.5406345684885006,2.3608605726774523,7.896399584590394,19.009008426016578,1
3.4139718875502005,0.9,9,0.02,400,3.5081523745179295,0.00010178582545214002,3.5494127116067067,3.3145434957362903,2.4731783537784118,11.44241638924905,3
4.196947791164659,0.9,9,0.02,600,4.437935059858537,9.988404389066514e-05,4.472673404581977,4.256919331098945,7.313586086612069,16.51234124707569,3
5.0,0.9,9,0.02,800,5.369320219457839,9.92197436217405e-05,5.407708918381301,5.196833095882658,6.233156823104611,13.529152370424239,3
2.008630522088353,1.0,9,0.02,200,1.0973694818966462,0.0001035621310965522,1.1367529370131761,0.9360606574328563,1.302686391548624,19.664319732945557,1
2.7514538152610437,1.0,9,0.02,200,2.3206424142339124,0.0001017761587657387,2.3610331723182907,2.0895862640937253,0.6745400276450857,5.399931349668433,5
3.4942771084337347,1.0,9,0.02,400,3.18001752934469,9.982593754037541e-05,3.219706296014452,3.019100108374369,8.549189997322616,33.33298176124861,1
4.257176706827309,1.0,9,0.02,600,4.007532031729518,0.00010264129453345231,4.040665424045849,3.95454132872817,24.493230242749974,86.4928138092536,1
5.0,1.0,9,0.02,400,4.791185751062069,9.849908724052036e-05,4.835705721475019,4.587801529030666,2.905096010010885,14.808619540203052,3
2.2093935742971884,1.1,9,0.02,200,1.0967241142591304,9.683436176861237e-05,1.1381639915329,1.0733203919014056,4.128529730062468,29.942527960349924,1
2.912064257028112,1.1,9,0.02,200,2.1910080348623078,0.00010005877949819385,2.227753943689948,1.969126337812398,0.889891148720663,10.068150116408953,5
3.614734939759036,1.1,9,0.02,200,2.9468910522199954,9.876656711146106e-05,2.9860429324810154,2.728615999582318,0.9411557832616094,6.636985213833955,5
4.297329317269076,1.1,9,0.02,400,3.6313471266500645,9.934927710101114e-05,3.6679565244148122,3.484436489027776,9.35138808604617,16.489654116271115,1
5.0,1.1,9,0.02,400,4.31380357035686,0.00010054840045075943,4.3537680055156915,4.134590635481172,5.366725528120696,13.876840154186944,3
2.4101566265060237,1.2000000000000002,9,0.02,141,1.096561288163201,9.866183784449369e-05,1.1338218101204447,0.8553061430298347,0.2945510968145824,5.976352254856546,5
3.052598393574297,1.2000000000000002,9,0.02,200,2.058017164985247,0.00010093827721410943,2.0979886359811957,1.8673438274877774,1.5716687224337484,12.75991785609164,1
3.69504016064257,1.2000000000000002,9,0.02,200,2.7102297001292506,0.00010010072483307684,2.753696145969278,2.4972298632841823,1.132776220596422,9.814122751464613,5
4.357558232931727,1.2000000000000002,9,0.02,200,3.3310553502448434,0.0001023776053892584,3.37115042306156,3.119248624988167,1.1023064067866237,8.418171606189377,5
5.0,1.2000000000000002,9,0.02,400,3.9109718328013567,0.00010211181151527062,3.9449917951076348,3.768986565594663,13.229091273123844,18.247914808943158,1
2.610919678714859,1.3000000000000003,9,0.02,126,1.0960107262205225,9.981027149255163e-05,1.1337943578900471,0.8512471214842159,0.25809796831463033,4.9208427412454405,5
3.2132088353413653,1.3000000000000003,9,0.02,200,1.9621271411497052,0.00010052716584589566,1.999399907773583,1.8354613180457264,3.4869411485514763,17.167100288523493,1
3.815497991967871,1.3000000000000003,9,0.02,200,2.5412182338874976,0.0001004502169416523,2.5787305659154396,2.345264818681516,1.8523660819183172,14.402062758775438,1
4.397710843373494,1.3000000000000003,9,0.02,200,3.0557538897193894,9.877331395116834e-05,3.0917970389389193,2.8501710677490064,1.6444803246513602,10.247645097944954,5
5.0,1.3000000000000003,9,0.02,200,3.56560061254164,0.00010165240134237667,3.604924881419492,3.365341928837737,1.2270231618306053,8.55842250994335,5
2.8116827309236947,1.4000000000000001,9,0.02,109,1.0956335805782944,9.934955484131992e-05,1.1336118241976703,0.8491984552045443,0.20925479299784921,3.1104274409745876,5
3.35374297188755,1.4000000000000001,9,0.02,200,1.8570741403394961,9.865867245802326e-05,1.8986654049450207,1.8064361983039883,7.366563447520023,22.20953605231942,1
3.8958032128514053,1.4000000000000001,9,0.02,200,2.3587478515766973,0.0001002457570697644,2.3971427430224774,2.2166200235721263,4.016714921499352,18.43784661628799,1
4.457939759036145,1.4000000000000001,9,0.02,200,2.8310448126944756,9.930802960318868e-05,2.866888289228347,2.650971666958224,2.436326626692062,13.743400778159375,1
5.0,1.4000000000000001,9,0.02,200,3.2651776997757613,9.936753437864912e-05,3.300245198206963,3.0623411297592993,2.0636567486464723,13.160852695978097,5
3.01244578313253,1.5000000000000002,9,0.02,97,1.095471858394006,0.0001018271689143647,1.1309363527573906,0.8524066511273729,0.18907436890274143,2.760319835340787,5
3.514353413654618,1.5000000000000002,9,0.02,200,1.7815647456358767,0.00010016224621695921,1.8224194426148441,1.7882684337325891,11.744320564039937,57.27526159317014,1
4.016261044176707,1.5000000000000002,9,0.02,200,2.2288646528711413,0.00010266118692553732,2.2693877606909605,2.14858782639696,7.693307064456457,19.752675157020576,1
4.498092369477912,1.5000000000000002,9,0.02,200,2.6166198850967297,9.974790069158222e-05,2.655724988186434,2.4738259537741056,4.9257166786685955,17.584605860034998,1
5.0,1.5000000000000002,9,0.02,200,2.999951217862514,0.00010013764716128327,3.0380725941995688,2.8301189595092326,3.7016835892222626,14.047854950739012,1
